Category,Number of Topics
Semiconductors,14
Semiconductor equipment,0
Semiconductor processes,1
Semiconductor materials,15
Semiconductor devices,11
Photonics,11
RF radio frequency for plasma,0
Plasma science,1
Etch chemistries,0
All etch processes,0
In-situ wafer metrology,0
Real-time plasma diagnostics,3
Novel logic devices,1
Novel memory devices,2
Novel materials for electronics,3
ALD atomic layer deposition,0
CVD chemical vapor deposition,0
PLD pulsed laser deposition,0
ECD electro chemical deposition,0
Electroplating,0
Cleaning and surface treatments,3
High kappa thermal conductivity materials,1
High-aspect ratio gapfill,0
Selective deposition,0
Advanced packaging,0
3D integration,1
Heterogeneous integration,0
Robotics,22
Fab automation,0
Equipment automation,1
Virtual twins or digital twins,0
AI artificial intelligence for semiconductors,1
Quantum computing,3
Corrosion-resistant coatings,0
